{
	"2": {
		"id": 2,
		"info": {
			"devEUI": "83717b8a131c5173",
			"devAddr": "003ca6af",
			"nwkSKey": "5e88f4cbae9f4eca009e2659c0741b52",
			"appSKey": "9a5e9b84f3f392e6fd213812c58eb5ad",
			"appKey": "e0500f4e614a81fe29341e17a7eb8e1b",
			"name": "lora node",
			"status": {
				"mtype": "ConfirmedDataUp",
				"payload": "seam",
				"active": true,
				"infoUplink": {
					"fport": 1,
					"fcnt": 566
				},
				"fcntDown": 236
			},
			"configuration": {
				"region": 1,
				"sendInterval": 7,
				"ackTimeout": 3,
				"range": 10000,
				"disableFCntDown": false,
				"supportedOtaa": true,
				"supportedADR": false,
				"supportedFragment": true,
				"supportedClassB": false,
				"supportedClassC": false,
				"dataRate": 0,
				"rx1DROffset": 0,
				"nbRetransmission": 2
			},
			"location": {
				"latitude": 50.808370100000005,
				"longitude": 4.4391005,
				"altitude": 0
			},
			"rxs": [
				{
					"delay": 1000,
					"durationOpen": 3000,
					"channel": {
						"active": true,
						"enableUplink": true,
						"freqUplink": 867100000,
						"freqDownlink": 867100000,
						"minDR": 0,
						"maxDR": 5
					},
					"dataRate": 0
				},
				{
					"delay": 1000,
					"durationOpen": 3000,
					"channel": {
						"active": true,
						"enableUplink": false,
						"freqUplink": 0,
						"freqDownlink": 869525000,
						"minDR": 0,
						"maxDR": 0
					},
					"dataRate": 0
				}
			]
		}
	}
}